src,ext,size,predicted_dest,audio_group
/Volumes/My Mac/Ableton/Sample Folders/Memphis Acapellas/Lil Keke - whippin on da grain.wav,.wav,610614,/Users/camerondixon/Music/OrganizedLibrary/07 One Shots,One Shot
/Volumes/My Mac/Ableton/Sample Folders/Memphis Acapellas/DJ Fela - holla my nig.wav,.wav,600254,/Users/camerondixon/Music/OrganizedLibrary/07 One Shots,Kicks
/Volumes/My Mac/Ableton/Sample Folders/Memphis Acapellas/DJ Fela - chicken fuckin wit my mind.wav,.wav,1168042,/Users/camerondixon/Music/OrganizedLibrary/07 One Shots,One Shot
/Volumes/My Mac/Ableton/Sample Folders/Memphis Acapellas/Lil Blunt - but when i smoke.wav,.wav,612066,/Users/camerondixon/Music/OrganizedLibrary/07 One Shots,One Shot
/Volumes/My Mac/Ableton/Sample Folders/Memphis Acapellas/DJ Livewire - groupie bitches they cant handle this.wav,.wav,576870,/Users/camerondixon/Music/OrganizedLibrary/07 One Shots,One Shot
/Volumes/My Mac/Ableton/Sample Folders/Memphis Acapellas/King Tee - makin punk niggas holla.wav,.wav,430594,/Users/camerondixon/Music/OrganizedLibrary/07 One Shots,One Shot
/Volumes/My Mac/Ableton/Sample Folders/Memphis Acapellas/Bun B - Come down in the kut.wav,.wav,589226,/Users/camerondixon/Music/OrganizedLibrary/07 One Shots,One Shot
/Volumes/My Mac/Ableton/Sample Folders/Memphis Acapellas/Fat Pat - Left to the right.wav,.wav,1165678,/Users/camerondixon/Music/OrganizedLibrary/07 One Shots,One Shot
/Volumes/My Mac/Ableton/Sample Folders/Memphis Acapellas/foe foes im tippin.wav,.wav,1180434,/Users/camerondixon/Music/OrganizedLibrary/07 One Shots,One Shot
/Volumes/My Mac/Ableton/Sample Folders/Memphis Acapellas/Pimp C - come thru and pop.wav,.wav,1183790,/Users/camerondixon/Music/OrganizedLibrary/07 One Shots,One Shot
/Volumes/My Mac/Ableton/Sample Folders/Memphis Acapellas/SUC - Come down swangin.wav,.wav,660890,/Users/camerondixon/Music/OrganizedLibrary/07 One Shots,One Shot
/Volumes/My Mac/Ableton/Sample Folders/Memphis Acapellas/DJ Sound - hoe ass nigga run yo mouf.wav,.wav,703414,/Users/camerondixon/Music/OrganizedLibrary/07 One Shots,Kicks
/Volumes/My Mac/Ableton/Sample Folders/Memphis Acapellas/Lord Infamous - up out the night gown.wav,.wav,539614,/Users/camerondixon/Music/OrganizedLibrary/07 One Shots,One Shot
/Volumes/My Mac/Ableton/Sample Folders/Memphis Acapellas/Lil Fly - Blaze a 40 sack.wav,.wav,414402,/Users/camerondixon/Music/OrganizedLibrary/07 One Shots,Snares
/Volumes/My Mac/Ableton/Sample Folders/Memphis Acapellas/Lady B - Sellin crack on da track.wav,.wav,588742,/Users/camerondixon/Music/OrganizedLibrary/07 One Shots,One Shot
/Volumes/My Mac/Ableton/Sample Folders/Memphis Acapellas/Lil Jule - Got dat Blunt.wav,.wav,160042,/Users/camerondixon/Music/OrganizedLibrary/07 One Shots,One Shot
/Volumes/My Mac/Ableton/Sample Folders/Memphis Acapellas/DJ Fela _ DJ Rod - Down With South Memphis_6.wav,.wav,1354980,/Users/camerondixon/Music/OrganizedLibrary/07 One Shots,Snares
/Volumes/My Mac/Ableton/Sample Folders/Memphis Acapellas/DJ Fela - drankin shit.wav,.wav,528310,/Users/camerondixon/Music/OrganizedLibrary/04 FX,FX
/Volumes/My Mac/Ableton/Sample Folders/Memphis Acapellas/DJ Felaa - Sukka nigga dick.wav,.wav,514414,/Users/camerondixon/Music/OrganizedLibrary/07 One Shots,One Shot
/Volumes/My Mac/Ableton/Sample Folders/Memphis Acapellas/Skitzo - system had me fucked up.wav,.wav,578566,/Users/camerondixon/Music/OrganizedLibrary/07 One Shots,One Shot
/Volumes/My Mac/Ableton/Sample Folders/Memphis Acapellas/DJ Sound - fulla shit voc.wav,.wav,139566,/Users/camerondixon/Music/OrganizedLibrary/04 FX,FX
/Volumes/My Mac/Ableton/Sample Folders/Memphis Acapellas/DJ Livewire - fresh out the junt.wav,.wav,664042,/Users/camerondixon/Music/OrganizedLibrary/07 One Shots,One Shot
/Volumes/My Mac/Ableton/Sample Folders/Memphis Acapellas/DJ Livewire - junkies that be smokin g.wav,.wav,664826,/Users/camerondixon/Music/OrganizedLibrary/07 One Shots,Hats/Shakers
/Volumes/My Mac/Ableton/Sample Folders/Memphis Acapellas/Dirty Red - Kreepin wit dat thang.wav,.wav,1082990,/Users/camerondixon/Music/OrganizedLibrary/07 One Shots,Kicks
/Volumes/My Mac/Ableton/Sample Folders/Memphis Acapellas/DJ Sound - Fucka what they gonna do.wav,.wav,721530,/Users/camerondixon/Music/OrganizedLibrary/07 One Shots,Hats/Shakers
/Volumes/My Mac/Ableton/Sample Folders/Memphis Acapellas/DJ Fela - as a kite.wav,.wav,290766,/Users/camerondixon/Music/OrganizedLibrary/07 One Shots,Snares
/Volumes/My Mac/Ableton/Sample Folders/Memphis Acapellas/Fat Pat - Hoes Be Boppin.wav,.wav,1161050,/Users/camerondixon/Music/OrganizedLibrary/07 One Shots,One Shot
/Volumes/My Mac/Ableton/Sample Folders/Memphis Acapellas/Hard D - Off da reefa.wav,.wav,655742,/Users/camerondixon/Music/OrganizedLibrary/07 One Shots,One Shot
/Volumes/My Mac/Ableton/Sample Folders/Memphis Acapellas/Draped up and dripped aught.wav,.wav,1225530,/Users/camerondixon/Music/OrganizedLibrary/07 One Shots,One Shot
/Volumes/My Mac/Ableton/Sample Folders/Memphis Acapellas/DJ Squeeky - quarter ounce.wav,.wav,631146,/Users/camerondixon/Music/OrganizedLibrary/07 One Shots,One Shot
/Volumes/My Mac/Ableton/Sample Folders/Memphis Acapellas/Fat Pat - rollin down the slab.wav,.wav,1152874,/Users/camerondixon/Music/OrganizedLibrary/07 One Shots,One Shot
/Volumes/My Mac/Ableton/Sample Folders/Memphis Acapellas/DJ Screw - Playstation.wav,.wav,1322390,/Users/camerondixon/Music/OrganizedLibrary/07 One Shots,One Shot
/Volumes/My Mac/Ableton/Sample Folders/Memphis Acapellas/DJ Squeeky - bud keep me fien.wav,.wav,642174,/Users/camerondixon/Music/OrganizedLibrary/07 One Shots,One Shot
/Volumes/My Mac/Ableton/Sample Folders/Memphis Acapellas/Fat Pat - Pull out the candy.wav,.wav,1169614,/Users/camerondixon/Music/OrganizedLibrary/07 One Shots,One Shot
/Volumes/My Mac/Ableton/Sample Folders/Memphis Acapellas/Da Crime Click - Smoka Blunt or summin 2.wav,.wav,1118426,/Users/camerondixon/Music/OrganizedLibrary/01 Drums/Percussion/Misc Perc,Percussion/Rimshots
/Volumes/My Mac/Ableton/Sample Folders/Memphis Acapellas/DJ Big Tim - nightmare.wav,.wav,999214,/Users/camerondixon/Music/OrganizedLibrary/07 One Shots,One Shot
/Volumes/My Mac/Ableton/Sample Folders/Memphis Acapellas/Bun B - Heard he was a hoe.wav,.wav,586866,/Users/camerondixon/Music/OrganizedLibrary/07 One Shots,One Shot
/Volumes/My Mac/Ableton/Sample Folders/Memphis Acapellas/Al D - Lifes a bitch.wav,.wav,146654,/Users/camerondixon/Music/OrganizedLibrary/07 One Shots,One Shot
/Volumes/My Mac/Ableton/Sample Folders/Memphis Acapellas/Bun B - Down with some real playas.wav,.wav,589226,/Users/camerondixon/Music/OrganizedLibrary/07 One Shots,One Shot
/Volumes/My Mac/Ableton/Sample Folders/Memphis Acapellas/DJ Sound - ya damn right.wav,.wav,621818,/Users/camerondixon/Music/OrganizedLibrary/07 One Shots,One Shot
/Volumes/My Mac/Ableton/Sample Folders/Memphis Acapellas/Project Pat - tear it off.wav,.wav,608130,/Users/camerondixon/Music/OrganizedLibrary/07 One Shots,One Shot
/Volumes/My Mac/Ableton/Sample Folders/Memphis Acapellas/Dirty Red - i dont care im leavin body parts every where.wav,.wav,596314,/Users/camerondixon/Music/OrganizedLibrary/07 One Shots,Kicks
/Volumes/My Mac/Ableton/Sample Folders/Memphis Acapellas/Dirty Red - red dead infared.wav,.wav,600254,/Users/camerondixon/Music/OrganizedLibrary/07 One Shots,Kicks
/Volumes/My Mac/Ableton/Sample Folders/Memphis Acapellas/FC - Playa to another playa.wav,.wav,1023142,/Users/camerondixon/Music/OrganizedLibrary/07 One Shots,One Shot
/Volumes/My Mac/Ableton/Sample Folders/Memphis Acapellas/SUC - Real diamond on my grill.wav,.wav,1169614,/Users/camerondixon/Music/OrganizedLibrary/07 One Shots,One Shot
/Volumes/My Mac/Ableton/Sample Folders/Memphis Acapellas/DJ Squeeky - Bud keep me.wav,.wav,1525570,/Users/camerondixon/Music/OrganizedLibrary/07 One Shots,One Shot
/Volumes/My Mac/Ableton/Sample Folders/Memphis Acapellas/Da Crime Click - smokin dat dirt.wav,.wav,561666,/Users/camerondixon/Music/OrganizedLibrary/01 Drums/Percussion/Misc Perc,Percussion/Rimshots
/Volumes/My Mac/Ableton/Sample Folders/Memphis Acapellas/Gangsta Blac - now im high really high.wav,.wav,616790,/Users/camerondixon/Music/OrganizedLibrary/07 One Shots,One Shot
/Volumes/My Mac/Ableton/Sample Folders/Memphis Acapellas/Smk - get buc voc.wav,.wav,119878,/Users/camerondixon/Music/OrganizedLibrary/07 One Shots,Kicks
/Volumes/My Mac/Ableton/Sample Folders/Memphis Acapellas/DJ Screw - flippin down the blvd.wav,.wav,615882,/Users/camerondixon/Music/OrganizedLibrary/07 One Shots,One Shot
/Volumes/My Mac/Ableton/Sample Folders/Memphis Acapellas/Da Crime Click - Dat chiken.wav,.wav,556154,/Users/camerondixon/Music/OrganizedLibrary/01 Drums/Percussion/Misc Perc,Percussion/Rimshots
/Volumes/My Mac/Ableton/Sample Folders/Memphis Acapellas/Crucifix - hoes up on my ding a lang.wav,.wav,358066,/Users/camerondixon/Music/OrganizedLibrary/07 One Shots,One Shot
/Volumes/My Mac/Ableton/Sample Folders/Memphis Acapellas/SUC - Had to grab the nina.wav,.wav,1167254,/Users/camerondixon/Music/OrganizedLibrary/07 One Shots,One Shot
/Volumes/My Mac/Ableton/Sample Folders/Memphis Acapellas/DJ Livewire - rollin deep blow a junt of hay.wav,.wav,559910,/Users/camerondixon/Music/OrganizedLibrary/07 One Shots,Snares
/Volumes/My Mac/Ableton/Sample Folders/Memphis Acapellas/Fat Pat - 9mm.wav,.wav,576526,/Users/camerondixon/Music/OrganizedLibrary/07 One Shots,One Shot
/Volumes/My Mac/Ableton/Sample Folders/Memphis Acapellas/Master P - That dont scare me.wav,.wav,203354,/Users/camerondixon/Music/OrganizedLibrary/07 One Shots,Hats/Shakers
/Volumes/My Mac/Ableton/Sample Folders/Memphis Acapellas/2 Nes - evil be my witness.wav,.wav,705778,/Users/camerondixon/Music/OrganizedLibrary/07 One Shots,One Shot
/Volumes/My Mac/Ableton/Sample Folders/Memphis Acapellas/Gimisum - slangin out my dope house.wav,.wav,346678,/Users/camerondixon/Music/OrganizedLibrary/07 One Shots,One Shot
/Volumes/My Mac/Ableton/Sample Folders/Memphis Acapellas/Pimp C - Let these niggas know.wav,.wav,1187730,/Users/camerondixon/Music/OrganizedLibrary/07 One Shots,One Shot
/Volumes/My Mac/Ableton/Sample Folders/Memphis Acapellas/Lil Blunt - i inhale the smoke.wav,.wav,613642,/Users/camerondixon/Music/OrganizedLibrary/07 One Shots,One Shot
/Volumes/My Mac/Ableton/Sample Folders/Memphis Acapellas/DJ Sound - 2 Wanted for homicide.wav,.wav,625210,/Users/camerondixon/Music/OrganizedLibrary/07 One Shots,One Shot
/Volumes/My Mac/Ableton/Sample Folders/Memphis Acapellas/DJ Fela - high af.wav,.wav,139270,/Users/camerondixon/Music/OrganizedLibrary/07 One Shots,One Shot
/Volumes/My Mac/Ableton/Sample Folders/Memphis Acapellas/Sittin Side ways fat pat.wav,.wav,1216410,/Users/camerondixon/Music/OrganizedLibrary/07 One Shots,One Shot
/Volumes/My Mac/Ableton/Sample Folders/Memphis Acapellas/Dirty Red - we can do it.wav,.wav,598678,/Users/camerondixon/Music/OrganizedLibrary/07 One Shots,Kicks
/Volumes/My Mac/Ableton/Sample Folders/Memphis Acapellas/DJ Squeeky Boom Chant.wav,.wav,104914,/Users/camerondixon/Music/OrganizedLibrary/04 FX,FX
/Volumes/My Mac/Ableton/Sample Folders/Memphis Acapellas/Junkies cant get none.wav,.wav,330930,/Users/camerondixon/Music/OrganizedLibrary/07 One Shots,Snares
/Volumes/My Mac/Ableton/Sample Folders/Memphis Acapellas/DJ Sound - Hauled off in a herse.wav,.wav,550578,/Users/camerondixon/Music/OrganizedLibrary/07 One Shots,Kicks
/Volumes/My Mac/Ableton/Sample Folders/Memphis Acapellas/DJ Screw - holla at my fellas.wav,.wav,616730,/Users/camerondixon/Music/OrganizedLibrary/07 One Shots,One Shot
/Volumes/My Mac/Ableton/Sample Folders/Memphis Acapellas/DJ Fela - hoes payin me.wav,.wav,488670,/Users/camerondixon/Music/OrganizedLibrary/07 One Shots,Kicks
/Volumes/My Mac/Ableton/Sample Folders/Memphis Acapellas/Lil Troy - balla imma twenty inch crawler.wav,.wav,396230,/Users/camerondixon/Music/OrganizedLibrary/07 One Shots,One Shot
/Volumes/My Mac/Ableton/Sample Folders/Memphis Acapellas/Fat Pat - Pistol on a hoe.wav,.wav,1166466,/Users/camerondixon/Music/OrganizedLibrary/07 One Shots,One Shot
/Volumes/My Mac/Ableton/Sample Folders/Memphis Acapellas/DJ Sound - Fuck The Back Seat.wav,.wav,1271878,/Users/camerondixon/Music/OrganizedLibrary/07 One Shots,One Shot
/Volumes/My Mac/Ableton/Sample Folders/Memphis Acapellas/SUC - Might fuk ya daughter.wav,.wav,1322390,/Users/camerondixon/Music/OrganizedLibrary/07 One Shots,One Shot
/Volumes/My Mac/Ableton/Sample Folders/Memphis Acapellas/DJ Screw - gotta keep these feds off my back.wav,.wav,618426,/Users/camerondixon/Music/OrganizedLibrary/07 One Shots,One Shot
/Volumes/My Mac/Ableton/Sample Folders/Memphis Acapellas/Criminal Mane - Finna support my hustle busta.wav,.wav,669098,/Users/camerondixon/Music/OrganizedLibrary/01 Drums/Percussion/Misc Perc,Percussion/Rimshots
/Volumes/My Mac/Ableton/Sample Folders/Memphis Acapellas/DJ Sound - step into my danger zone.wav,.wav,704990,/Users/camerondixon/Music/OrganizedLibrary/07 One Shots,One Shot
/Volumes/My Mac/Ableton/Sample Folders/Memphis Acapellas/DJ Livewire - dirty hoes.wav,.wav,554162,/Users/camerondixon/Music/OrganizedLibrary/07 One Shots,Kicks
/Volumes/My Mac/Ableton/Sample Folders/Memphis Acapellas/Trae - rollin 84s.wav,.wav,550404,/Users/camerondixon/Music/OrganizedLibrary/07 One Shots,One Shot
/Volumes/My Mac/Ableton/Sample Folders/Memphis Acapellas/Dirty Red - Ready to snap.wav,.wav,597102,/Users/camerondixon/Music/OrganizedLibrary/07 One Shots,Kicks
/Volumes/My Mac/Ableton/Sample Folders/Memphis Acapellas/SUC - foe wheelin on an 8.wav,.wav,272410,/Users/camerondixon/Music/OrganizedLibrary/07 One Shots,One Shot
/Volumes/My Mac/Ableton/Sample Folders/Memphis Acapellas/Fat Pat - jammin screw.wav,.wav,1282322,/Users/camerondixon/Music/OrganizedLibrary/07 One Shots,One Shot
/Volumes/My Mac/Ableton/Sample Folders/Memphis Acapellas/Lil Corb - B2 Killaz From Da Northside.wav,.wav,1963170,/Users/camerondixon/Music/OrganizedLibrary/07 One Shots,One Shot
/Volumes/My Mac/Ableton/Sample Folders/Memphis Acapellas/DJ Sound - not the one to be fuked wit.wav,.wav,1242610,/Users/camerondixon/Music/OrganizedLibrary/07 One Shots,One Shot
/Volumes/My Mac/Ableton/Sample Folders/Memphis Acapellas/Dirty Red - i aint bullshittin punk.wav,.wav,496302,/Users/camerondixon/Music/OrganizedLibrary/04 FX,FX
/Volumes/My Mac/Ableton/Sample Folders/Memphis Acapellas/DJ Livewire - drop it off yo ass bitcj.wav,.wav,569542,/Users/camerondixon/Music/OrganizedLibrary/07 One Shots,One Shot
/Volumes/My Mac/Ableton/Sample Folders/Memphis Acapellas/SUC - Stayed from the start to the finish.wav,.wav,1188514,/Users/camerondixon/Music/OrganizedLibrary/07 One Shots,One Shot
/Volumes/My Mac/Ableton/Sample Folders/Memphis Acapellas/Lil Gin - Rollin down the highway.wav,.wav,1012902,/Users/camerondixon/Music/OrganizedLibrary/07 One Shots,One Shot
/Volumes/My Mac/Ableton/Sample Folders/Memphis Acapellas/SUC - Jock on my dic.wav,.wav,1100314,/Users/camerondixon/Music/OrganizedLibrary/07 One Shots,One Shot
/Volumes/My Mac/Ableton/Sample Folders/Memphis Acapellas/AL D - Gank in many ways.wav,.wav,703414,/Users/camerondixon/Music/OrganizedLibrary/07 One Shots,One Shot
/Volumes/My Mac/Ableton/Sample Folders/Memphis Acapellas/Gimisum - niggas they constantly drankin.wav,.wav,691602,/Users/camerondixon/Music/OrganizedLibrary/07 One Shots,Kicks
/Volumes/My Mac/Ableton/Sample Folders/Memphis Acapellas/SUC - Break a bitch.wav,.wav,140110,/Users/camerondixon/Music/OrganizedLibrary/06 Loops & Grooves/Breakbeats/Unsorted BPM,One Shot
/Volumes/My Mac/Ableton/Sample Folders/Memphis Acapellas/Dirty Red - money im constantly stackin.wav,.wav,1094014,/Users/camerondixon/Music/OrganizedLibrary/07 One Shots,One Shot
/Volumes/My Mac/Ableton/Sample Folders/Memphis Acapellas/DJ Livewire - real playas talkin.wav,.wav,569542,/Users/camerondixon/Music/OrganizedLibrary/05 Vocals/Vocal One Shots,Vocal
/Volumes/My Mac/Ableton/Sample Folders/Memphis Acapellas/DJ Zirk - Fukkin cloud of smoke.wav,.wav,177366,/Users/camerondixon/Music/OrganizedLibrary/07 One Shots,One Shot
/Volumes/My Mac/Ableton/Sample Folders/Memphis Acapellas/Dirty Red - now yo muthafuckin ass is dead.wav,.wav,597890,/Users/camerondixon/Music/OrganizedLibrary/07 One Shots,Kicks
/Volumes/My Mac/Ableton/Sample Folders/Memphis Acapellas/Lil Blunt - wrong but dey dont know a damn thing.wav,.wav,612066,/Users/camerondixon/Music/OrganizedLibrary/07 One Shots,One Shot
/Volumes/My Mac/Ableton/Sample Folders/Memphis Acapellas/DJ Zirk - get high get buck.wav,.wav,610490,/Users/camerondixon/Music/OrganizedLibrary/07 One Shots,Kicks
/Volumes/My Mac/Ableton/Sample Folders/Memphis Acapellas/Slim Thug - poe pimpin.wav,.wav,593206,/Users/camerondixon/Music/OrganizedLibrary/07 One Shots,One Shot
/Volumes/My Mac/Ableton/Sample Folders/Memphis Acapellas/Fat Pat - doe we kickin it in g.wav,.wav,1163314,/Users/camerondixon/Music/OrganizedLibrary/07 One Shots,One Shot
/Volumes/My Mac/Ableton/Sample Folders/Memphis Acapellas/Hard D - Indo smoke.wav,.wav,654046,/Users/camerondixon/Music/OrganizedLibrary/07 One Shots,One Shot
/Volumes/My Mac/Ableton/Sample Folders/Memphis Acapellas/2nd Family - now we take them to.wav,.wav,1200330,/Users/camerondixon/Music/OrganizedLibrary/07 One Shots,One Shot
/Volumes/My Mac/Ableton/Sample Folders/Memphis Acapellas/Smk - Gangsta Walk voc.wav,.wav,144290,/Users/camerondixon/Music/OrganizedLibrary/07 One Shots,Kicks
/Volumes/My Mac/Ableton/Sample Folders/Memphis Acapellas/DJ Livewire - foolin wit my pimpin.wav,.wav,566390,/Users/camerondixon/Music/OrganizedLibrary/07 One Shots,One Shot
/Volumes/My Mac/Ableton/Sample Folders/Memphis Acapellas/SUC - Smokin swisas drankin on drank.wav,.wav,737158,/Users/camerondixon/Music/OrganizedLibrary/07 One Shots,One Shot
/Volumes/My Mac/Ableton/Sample Folders/Memphis Acapellas/Lil Blunt - if ur smokin bud.wav,.wav,616790,/Users/camerondixon/Music/OrganizedLibrary/07 One Shots,One Shot
/Volumes/My Mac/Ableton/Sample Folders/Memphis Acapellas/Fat Pat - niggas see me wit my dog hat flippin.wav,.wav,571146,/Users/camerondixon/Music/OrganizedLibrary/01 Drums/Hats/Shakers,Hats/Shakers
/Volumes/My Mac/Ableton/Sample Folders/Memphis Acapellas/DJ Fela - Clickin wit da muthafuckin quikness.wav,.wav,582142,/Users/camerondixon/Music/OrganizedLibrary/07 One Shots,One Shot
/Volumes/My Mac/Ableton/Sample Folders/Memphis Acapellas/Fat Pat - Got us fucked up.wav,.wav,430942,/Users/camerondixon/Music/OrganizedLibrary/07 One Shots,One Shot
/Volumes/My Mac/Ableton/Sample Folders/Memphis Acapellas/Fat Pat - long haired yellow bitch.wav,.wav,1206990,/Users/camerondixon/Music/OrganizedLibrary/07 One Shots,One Shot
/Volumes/My Mac/Ableton/Sample Folders/Memphis Acapellas/Bun B - Whats Up Tric.wav,.wav,1175130,/Users/camerondixon/Music/OrganizedLibrary/07 One Shots,Hats/Shakers
/Volumes/My Mac/Ableton/Sample Folders/Memphis Acapellas/DJ Fela - take a pull.wav,.wav,202894,/Users/camerondixon/Music/OrganizedLibrary/07 One Shots,Snares
/Volumes/My Mac/Ableton/Sample Folders/Memphis Acapellas/DJ Zirk - stackin up sum bricks.wav,.wav,631146,/Users/camerondixon/Music/OrganizedLibrary/07 One Shots,One Shot
/Volumes/My Mac/Ableton/Sample Folders/Memphis Acapellas/Indo G - Chillin like villians.wav,.wav,484490,/Users/camerondixon/Music/OrganizedLibrary/07 One Shots,One Shot
/Volumes/My Mac/Ableton/Sample Folders/Memphis Acapellas/3 6 - Suckas tryin flaunt.wav,.wav,1238130,/Users/camerondixon/Music/OrganizedLibrary/07 One Shots,One Shot
/Volumes/My Mac/Ableton/Sample Folders/Memphis Acapellas/Das Efx - one two um.wav,.wav,434840,/Users/camerondixon/Music/OrganizedLibrary/05 Vocals/Vocal One Shots,Vocal
/Volumes/My Mac/Ableton/Sample Folders/Memphis Acapellas/DJ Big Mac - in yo brain.wav,.wav,604190,/Users/camerondixon/Music/OrganizedLibrary/07 One Shots,One Shot
/Volumes/My Mac/Ableton/Sample Folders/Memphis Acapellas/DJ Sound - hoe its hatred.wav,.wav,626242,/Users/camerondixon/Music/OrganizedLibrary/07 One Shots,One Shot
/Volumes/My Mac/Ableton/Sample Folders/Memphis Acapellas/Fat Pat - rollin wit friends.wav,.wav,1143626,/Users/camerondixon/Music/OrganizedLibrary/07 One Shots,One Shot
/Volumes/My Mac/Ableton/Sample Folders/Memphis Acapellas/DJ Screw - Wit Da Drank in my hand.wav,.wav,1238130,/Users/camerondixon/Music/OrganizedLibrary/07 One Shots,One Shot
/Volumes/My Mac/Ableton/Sample Folders/Memphis Acapellas/Dirty Red - fuckin wit me you_ll get a blast.wav,.wav,594742,/Users/camerondixon/Music/OrganizedLibrary/07 One Shots,One Shot
/Volumes/My Mac/Ableton/Sample Folders/Memphis Acapellas/Dirty Red - one moe thing.wav,.wav,597102,/Users/camerondixon/Music/OrganizedLibrary/07 One Shots,Kicks
/Volumes/My Mac/Ableton/Sample Folders/Memphis Acapellas/DJ Livewire - jimmy waxed.wav,.wav,568390,/Users/camerondixon/Music/OrganizedLibrary/07 One Shots,One Shot
/Volumes/My Mac/Ableton/Sample Folders/Memphis Acapellas/Lil Blunt - bud smokas holla me.wav,.wav,612066,/Users/camerondixon/Music/OrganizedLibrary/07 One Shots,One Shot
/Volumes/My Mac/Ableton/Sample Folders/Memphis Acapellas/DJ Big Mac - 187 killa.wav,.wav,619942,/Users/camerondixon/Music/OrganizedLibrary/07 One Shots,Snares
/Volumes/My Mac/Ableton/Sample Folders/Memphis Acapellas/Fat Pat - dawg.wav,.wav,1155442,/Users/camerondixon/Music/OrganizedLibrary/07 One Shots,One Shot
/Volumes/My Mac/Ableton/Sample Folders/Memphis Acapellas/Da Crime Click - Smoka Blunt or summin.wav,.wav,1122366,/Users/camerondixon/Music/OrganizedLibrary/01 Drums/Percussion/Misc Perc,Percussion/Rimshots
/Volumes/My Mac/Ableton/Sample Folders/Memphis Acapellas/DJ Paul - high as hell.wav,.wav,1177310,/Users/camerondixon/Music/OrganizedLibrary/07 One Shots,Kicks
/Volumes/My Mac/Ableton/Sample Folders/Memphis Acapellas/SUC - Nigga whats up.wav,.wav,1327902,/Users/camerondixon/Music/OrganizedLibrary/07 One Shots,Hats/Shakers
/Volumes/My Mac/Ableton/Sample Folders/Memphis Acapellas/DJ Livewire - lookin foe da chewin and da screwin.wav,.wav,566694,/Users/camerondixon/Music/OrganizedLibrary/07 One Shots,One Shot
/Volumes/My Mac/Ableton/Sample Folders/Memphis Acapellas/DJ Screw - nigga comin thru rollin.wav,.wav,612490,/Users/camerondixon/Music/OrganizedLibrary/07 One Shots,One Shot
/Volumes/My Mac/Ableton/Sample Folders/Memphis Acapellas/Juicy J Cowbell.wav,.wav,147442,/Users/camerondixon/Music/OrganizedLibrary/01 Drums/Percussion/Misc Perc,Percussion/Cowbells
/Volumes/My Mac/Ableton/Sample Folders/Memphis Acapellas/DJ Fela - Swisha Sweets.wav,.wav,576870,/Users/camerondixon/Music/OrganizedLibrary/07 One Shots,One Shot
/Volumes/My Mac/Ableton/Sample Folders/Memphis Acapellas/SUC - Stay southside h town.wav,.wav,1192454,/Users/camerondixon/Music/OrganizedLibrary/07 One Shots,One Shot
/Volumes/My Mac/Ableton/Sample Folders/Memphis Acapellas/Criminal mane - imma mack bitch.wav,.wav,783742,/Users/camerondixon/Music/OrganizedLibrary/01 Drums/Percussion/Misc Perc,Percussion/Rimshots
/Volumes/My Mac/Ableton/Sample Folders/Memphis Acapellas/Lil Fly - Monkey nutz.wav,.wav,691602,/Users/camerondixon/Music/OrganizedLibrary/07 One Shots,One Shot
/Volumes/My Mac/Ableton/Sample Folders/Memphis Acapellas/DJ Sound - we out this bitch.wav,.wav,239334,/Users/camerondixon/Music/OrganizedLibrary/07 One Shots,One Shot
/Volumes/My Mac/Ableton/Sample Folders/Memphis Acapellas/Lil Blunt - smoke a sac.wav,.wav,126178,/Users/camerondixon/Music/OrganizedLibrary/07 One Shots,One Shot
/Volumes/My Mac/Ableton/Sample Folders/Memphis Acapellas/DJ Squeeky - im then a mafucka.wav,.wav,306334,/Users/camerondixon/Music/OrganizedLibrary/07 One Shots,Snares
/Volumes/My Mac/Ableton/Sample Folders/Memphis Acapellas/Dirty Red - Kicked in da doe.wav,.wav,200990,/Users/camerondixon/Music/OrganizedLibrary/07 One Shots,One Shot
/Volumes/My Mac/Ableton/Sample Folders/Memphis Acapellas/DJ Big Mac - One nigga dead.wav,.wav,597102,/Users/camerondixon/Music/OrganizedLibrary/07 One Shots,One Shot
/Volumes/My Mac/Ableton/Sample Folders/Memphis Acapellas/2 Nes - face down.wav,.wav,523078,/Users/camerondixon/Music/OrganizedLibrary/07 One Shots,One Shot
/Volumes/My Mac/Ableton/Sample Folders/Memphis Acapellas/Fat Pat - Tried to pimp me.wav,.wav,1170402,/Users/camerondixon/Music/OrganizedLibrary/07 One Shots,One Shot
/Volumes/My Mac/Ableton/Sample Folders/Memphis Acapellas/DJ Sound - straight out the crest.wav,.wav,626906,/Users/camerondixon/Music/OrganizedLibrary/07 One Shots,One Shot
/Volumes/My Mac/Ableton/Sample Folders/Memphis Acapellas/DIrty Red - u can be my enemy.wav,.wav,251390,/Users/camerondixon/Music/OrganizedLibrary/07 One Shots,One Shot
/Volumes/My Mac/Ableton/Sample Folders/Memphis Acapellas/2 Nes - head  back to my hood.wav,.wav,734914,/Users/camerondixon/Music/OrganizedLibrary/07 One Shots,One Shot
/Volumes/My Mac/Ableton/Sample Folders/Memphis Acapellas/Lil Corb - B2 Killaz From Da Northside_3.wav,.wav,9784470,/Users/camerondixon/Music/OrganizedLibrary/07 One Shots,One Shot
/Volumes/My Mac/Ableton/Sample Folders/Memphis Acapellas/Dirty Red - i neva hesitate to put a slug.wav,.wav,563242,/Users/camerondixon/Music/OrganizedLibrary/07 One Shots,Snares
/Volumes/My Mac/Ableton/Sample Folders/Memphis Acapellas/DJ Big Mac - Rest in piece.wav,.wav,148226,/Users/camerondixon/Music/OrganizedLibrary/07 One Shots,Snares
/Volumes/My Mac/Ableton/Sample Folders/Memphis Acapellas/Lord Infamous - Plenty Moe Blunts.wav,.wav,161614,/Users/camerondixon/Music/OrganizedLibrary/07 One Shots,One Shot
/Volumes/My Mac/Ableton/Sample Folders/Memphis Acapellas/Gangsta Blac - twist it hit light it 2.wav,.wav,340378,/Users/camerondixon/Music/OrganizedLibrary/04 FX,FX
/Volumes/My Mac/Ableton/Sample Folders/Memphis Acapellas/2 Nes - dun fucked up.wav,.wav,727042,/Users/camerondixon/Music/OrganizedLibrary/07 One Shots,One Shot
/Volumes/My Mac/Ableton/Sample Folders/Memphis Acapellas/DJ Pinky - fien like a junkie.wav,.wav,497998,/Users/camerondixon/Music/OrganizedLibrary/07 One Shots,One Shot
/Volumes/My Mac/Ableton/Sample Folders/Memphis Acapellas/DJ Sound - playa type nigga.wav,.wav,550578,/Users/camerondixon/Music/OrganizedLibrary/07 One Shots,One Shot
/Volumes/My Mac/Ableton/Sample Folders/Memphis Acapellas/DJ Sound - suckas comin out da bank.wav,.wav,634538,/Users/camerondixon/Music/OrganizedLibrary/08 MIDI & Presets/Generic/Presets,Preset
/Volumes/My Mac/Ableton/Sample Folders/Memphis Acapellas/Fat Pat - Fuc The Fuckin ComPTON.wav,.wav,1169614,/Users/camerondixon/Music/OrganizedLibrary/07 One Shots,One Shot
/Volumes/My Mac/Ableton/Sample Folders/Memphis Acapellas/DJ Sound - Keep Runnin Yo Mouth.wav,.wav,1413236,/Users/camerondixon/Music/OrganizedLibrary/07 One Shots,One Shot
/Volumes/My Mac/Ableton/Sample Folders/Memphis Acapellas/SUC - Benz.wav,.wav,1133390,/Users/camerondixon/Music/OrganizedLibrary/07 One Shots,One Shot
/Volumes/My Mac/Ableton/Sample Folders/Memphis Acapellas/DJ Screw - laws on my dick.wav,.wav,618426,/Users/camerondixon/Music/OrganizedLibrary/07 One Shots,One Shot
/Volumes/My Mac/Ableton/Sample Folders/Memphis Acapellas/SUC - Ghetto stars roll fancy cars.wav,.wav,1025186,/Users/camerondixon/Music/OrganizedLibrary/07 One Shots,One Shot
/Volumes/My Mac/Ableton/Sample Folders/Memphis Acapellas/DJ Fela - sellin dat dope.wav,.wav,585290,/Users/camerondixon/Music/OrganizedLibrary/07 One Shots,One Shot
/Volumes/My Mac/Ableton/Sample Folders/Memphis Acapellas/DJ Livewire - high wit da niggas cloud 9.wav,.wav,567966,/Users/camerondixon/Music/OrganizedLibrary/07 One Shots,One Shot
/Volumes/My Mac/Ableton/Sample Folders/Memphis Acapellas/DJ Squeeky - fuck dem niggas.wav,.wav,283678,/Users/camerondixon/Music/OrganizedLibrary/07 One Shots,One Shot
/Volumes/My Mac/Ableton/Sample Folders/Memphis Acapellas/Lil Corb - B2 Killaz From Da Northside_2.wav,.wav,7982910,/Users/camerondixon/Music/OrganizedLibrary/07 One Shots,One Shot
/Volumes/My Mac/Ableton/Sample Folders/Memphis Acapellas/SUC - I dont give a fuck.wav,.wav,1095590,/Users/camerondixon/Music/OrganizedLibrary/07 One Shots,One Shot
/Volumes/My Mac/Ableton/Sample Folders/Memphis Acapellas/DJ Sound - muthafuckin credit card.wav,.wav,291918,/Users/camerondixon/Music/OrganizedLibrary/07 One Shots,One Shot
/Volumes/My Mac/Ableton/Sample Folders/Memphis Acapellas/DJ Screw - ripped up da party.wav,.wav,618426,/Users/camerondixon/Music/OrganizedLibrary/07 One Shots,One Shot
/Volumes/My Mac/Ableton/Sample Folders/Memphis Acapellas/DJ Big Mac - onna stang again.wav,.wav,566862,/Users/camerondixon/Music/OrganizedLibrary/07 One Shots,One Shot
/Volumes/My Mac/Ableton/Sample Folders/Memphis Acapellas/DJ Screw - fifties in the trunk.wav,.wav,618426,/Users/camerondixon/Music/OrganizedLibrary/07 One Shots,One Shot
/Volumes/My Mac/Ableton/Sample Folders/Memphis Acapellas/DJ Flex - lame ass niggas and how they simpin.wav,.wav,615214,/Users/camerondixon/Music/OrganizedLibrary/07 One Shots,One Shot
/Volumes/My Mac/Ableton/Sample Folders/Memphis Acapellas/Darkside Click - Baby blunts.wav,.wav,521502,/Users/camerondixon/Music/OrganizedLibrary/07 One Shots,One Shot
/Volumes/My Mac/Ableton/Sample Folders/Memphis Acapellas/SUC - Break a bitch 2.wav,.wav,104490,/Users/camerondixon/Music/OrganizedLibrary/06 Loops & Grooves/Breakbeats/Unsorted BPM,One Shot
/Volumes/My Mac/Ableton/Sample Folders/Memphis Acapellas/DJ Livewire - throw out indo.wav,.wav,573478,/Users/camerondixon/Music/OrganizedLibrary/07 One Shots,One Shot
/Volumes/My Mac/Ableton/Sample Folders/Memphis Acapellas/SUC - Chop on my blade.wav,.wav,1017870,/Users/camerondixon/Music/OrganizedLibrary/05 Vocals/Vocal One Shots,Vocal
/Volumes/My Mac/Ableton/Sample Folders/Memphis Acapellas/SUC - Neva been fake.wav,.wav,1095590,/Users/camerondixon/Music/OrganizedLibrary/07 One Shots,One Shot
/Volumes/My Mac/Ableton/Sample Folders/Memphis Acapellas/SUC - Knock er down if she act up.wav,.wav,738006,/Users/camerondixon/Music/OrganizedLibrary/07 One Shots,One Shot
/Volumes/My Mac/Ableton/Sample Folders/Memphis Acapellas/Slikk Tha shocker - flashbacks.wav,.wav,571114,/Users/camerondixon/Music/OrganizedLibrary/07 One Shots,One Shot
/Volumes/My Mac/Ableton/Sample Folders/Memphis Acapellas/Lil Jyule - jumpin in da truck start to smoke.wav,.wav,697114,/Users/camerondixon/Music/OrganizedLibrary/07 One Shots,One Shot
/Volumes/My Mac/Ableton/Sample Folders/Memphis Acapellas/FC - Strapped at all times.wav,.wav,1019990,/Users/camerondixon/Music/OrganizedLibrary/07 One Shots,One Shot
/Volumes/My Mac/Ableton/Sample Folders/Memphis Acapellas/Skitzo - stackin a gangsta life.wav,.wav,577718,/Users/camerondixon/Music/OrganizedLibrary/07 One Shots,One Shot
/Volumes/My Mac/Ableton/Sample Folders/Memphis Acapellas/Dirty Red - nigga do or die.wav,.wav,483702,/Users/camerondixon/Music/OrganizedLibrary/07 One Shots,Snares
/Volumes/My Mac/Ableton/Sample Folders/Memphis Acapellas/DP - cuz he wouldnt even skwab bac.wav,.wav,1208518,/Users/camerondixon/Music/OrganizedLibrary/07 One Shots,One Shot
/Volumes/My Mac/Ableton/Sample Folders/Memphis Acapellas/Dirty Red - Dont fuk around.wav,.wav,602614,/Users/camerondixon/Music/OrganizedLibrary/07 One Shots,Kicks
/Volumes/My Mac/Ableton/Sample Folders/Memphis Acapellas/Bun B - trill ass nigga.wav,.wav,2349386,/Users/camerondixon/Music/OrganizedLibrary/07 One Shots,One Shot
/Volumes/My Mac/Ableton/Sample Folders/Memphis Acapellas/2 Nes - load my muthafuckin 12 gauge.wav,.wav,346678,/Users/camerondixon/Music/OrganizedLibrary/07 One Shots,One Shot
/Volumes/My Mac/Ableton/Sample Folders/Memphis Acapellas/Fat Pat - Hoes frontin broke.wav,.wav,1168926,/Users/camerondixon/Music/OrganizedLibrary/07 One Shots,One Shot
/Volumes/My Mac/Ableton/Sample Folders/Memphis Acapellas/SUC - Screwed up click.wav,.wav,323842,/Users/camerondixon/Music/OrganizedLibrary/07 One Shots,One Shot
/Volumes/My Mac/Ableton/Sample Folders/Memphis Acapellas/Homicyde - man im higher then a motherfucker.wav,.wav,313602,/Users/camerondixon/Music/OrganizedLibrary/07 One Shots,Kicks
/Volumes/My Mac/Ableton/Sample Folders/Memphis Acapellas/2 Nes - hit you wit dis 33.wav,.wav,730190,/Users/camerondixon/Music/OrganizedLibrary/04 FX,FX
/Volumes/My Mac/Ableton/Sample Folders/Memphis Acapellas/Hard D - Count this sack.wav,.wav,654894,/Users/camerondixon/Music/OrganizedLibrary/07 One Shots,One Shot
/Volumes/My Mac/Ableton/Sample Folders/Memphis Acapellas/SUC - drop it cuz i got my nine.wav,.wav,1095590,/Users/camerondixon/Music/OrganizedLibrary/07 One Shots,One Shot
/Volumes/My Mac/Ableton/Sample Folders/Memphis Acapellas/Juicy J - mutha mutha mutha fucka.wav,.wav,519930,/Users/camerondixon/Music/OrganizedLibrary/07 One Shots,One Shot
/Volumes/My Mac/Ableton/Sample Folders/Memphis Acapellas/Evil Pimp - blaze until.wav,.wav,708142,/Users/camerondixon/Music/OrganizedLibrary/07 One Shots,One Shot
/Volumes/My Mac/Ableton/Sample Folders/Memphis Acapellas/SUC - Holdin on that woodgrain.wav,.wav,1134966,/Users/camerondixon/Music/OrganizedLibrary/07 One Shots,Hats/Shakers
/Volumes/My Mac/Ableton/Sample Folders/Memphis Acapellas/2 Nes - Steady I creeo.wav,.wav,543554,/Users/camerondixon/Music/OrganizedLibrary/07 One Shots,Snares
/Volumes/My Mac/Ableton/Sample Folders/Memphis Acapellas/Gangsta Blac - twist it hit light it.wav,.wav,255330,/Users/camerondixon/Music/OrganizedLibrary/04 FX,FX
/Volumes/My Mac/Ableton/Sample Folders/Memphis Acapellas/Dirty Red - dump yo body in da river.wav,.wav,260054,/Users/camerondixon/Music/OrganizedLibrary/07 One Shots,Snares
/Volumes/My Mac/Ableton/Sample Folders/Memphis Acapellas/SUC - Represent the city.wav,.wav,1100314,/Users/camerondixon/Music/OrganizedLibrary/07 One Shots,One Shot
/Volumes/My Mac/Ableton/Sample Folders/Memphis Acapellas/SUC - Took my bond.wav,.wav,1100314,/Users/camerondixon/Music/OrganizedLibrary/07 One Shots,One Shot
/Volumes/My Mac/Ableton/Sample Folders/Memphis Acapellas/Dirty Red - niggas betta.wav,.wav,153742,/Users/camerondixon/Music/OrganizedLibrary/07 One Shots,Snares
/Volumes/My Mac/Ableton/Sample Folders/Memphis Acapellas/DJ Sound - cock ya tone.wav,.wav,629390,/Users/camerondixon/Music/OrganizedLibrary/07 One Shots,One Shot
/Volumes/My Mac/Ableton/Sample Folders/Memphis Acapellas/Fat Pat - fuc em.wav,.wav,1169614,/Users/camerondixon/Music/OrganizedLibrary/07 One Shots,One Shot
/Volumes/My Mac/Ableton/Sample Folders/Memphis Acapellas/DJ Sound - fuck these niggas.wav,.wav,703414,/Users/camerondixon/Music/OrganizedLibrary/07 One Shots,One Shot
/Volumes/My Mac/Ableton/Sample Folders/Memphis Acapellas/DJ Squeeky now let the bass drop.wav,.wav,200990,/Users/camerondixon/Music/OrganizedLibrary/02 Bass,Bass
/Volumes/My Mac/Ableton/Sample Folders/Memphis Acapellas/scarface movie sample fuck you mang.wav,.wav,217530,/Users/camerondixon/Music/OrganizedLibrary/07 One Shots,Snares
/Volumes/My Mac/Ableton/Sample Folders/Memphis Acapellas/SUC - Nigga nigga screw.wav,.wav,553126,/Users/camerondixon/Music/OrganizedLibrary/07 One Shots,One Shot
/Volumes/My Mac/Ableton/Sample Folders/Memphis Acapellas/Indo G - I think i got that chronic floatin in my brain.wav,.wav,559302,/Users/camerondixon/Music/OrganizedLibrary/07 One Shots,Hats/Shakers
/Volumes/My Mac/Ableton/Sample Folders/Memphis Acapellas/Skitzo - niggas jackin doin everything.wav,.wav,578566,/Users/camerondixon/Music/OrganizedLibrary/07 One Shots,One Shot
/Volumes/My Mac/Ableton/Sample Folders/Memphis Acapellas/DJ Sound - wit the glock sawed off.wav,.wav,549854,/Users/camerondixon/Music/OrganizedLibrary/07 One Shots,One Shot
/Volumes/My Mac/Ableton/Sample Folders/Memphis Acapellas/DJ Fela - PLayas gang foe playas only.wav,.wav,488670,/Users/camerondixon/Music/OrganizedLibrary/07 One Shots,Kicks
/Volumes/My Mac/Ableton/Sample Folders/Memphis Acapellas/DJ Paul - Pimp Shit.wav,.wav,159254,/Users/camerondixon/Music/OrganizedLibrary/04 FX,FX
/Volumes/My Mac/Ableton/Sample Folders/Memphis Acapellas/SUC - a nigga just kickin flow.wav,.wav,1114550,/Users/camerondixon/Music/OrganizedLibrary/07 One Shots,One Shot
/Volumes/My Mac/Ableton/Sample Folders/Memphis Acapellas/DJ Paul - Serial Killa.wav,.wav,504966,/Users/camerondixon/Music/OrganizedLibrary/07 One Shots,Kicks
/Volumes/My Mac/Ableton/Sample Folders/Memphis Acapellas/DJ Squeeky - stop off at the liqour sto.wav,.wav,645566,/Users/camerondixon/Music/OrganizedLibrary/07 One Shots,One Shot
/Volumes/My Mac/Ableton/Sample Folders/Memphis Acapellas/Indo G - i oh i gots the ansa.wav,.wav,522290,/Users/camerondixon/Music/OrganizedLibrary/07 One Shots,One Shot
/Volumes/My Mac/Ableton/Sample Folders/Memphis Acapellas/DJ Screw - Me and DJ Screw nam sayinn.wav,.wav,854614,/Users/camerondixon/Music/OrganizedLibrary/07 One Shots,One Shot
/Volumes/My Mac/Ableton/Sample Folders/Memphis Acapellas/DJ Paul - ridin clean.wav,.wav,697298,/Users/camerondixon/Music/OrganizedLibrary/07 One Shots,Snares
/Volumes/My Mac/Ableton/Sample Folders/Memphis Acapellas/DJ Fela - one day later.wav,.wav,486974,/Users/camerondixon/Music/OrganizedLibrary/07 One Shots,Snares
/Volumes/My Mac/Ableton/Sample Folders/Memphis Acapellas/Hard D - Think a blunt hangin from my mouf.wav,.wav,524290,/Users/camerondixon/Music/OrganizedLibrary/07 One Shots,One Shot
/Volumes/My Mac/Ableton/Sample Folders/Memphis Acapellas/DJ Sound - lettin off lead when i pull da trigger.wav,.wav,405558,/Users/camerondixon/Music/OrganizedLibrary/03 Synths & Leads,Synth
/Volumes/My Mac/Ableton/Sample Folders/Memphis Acapellas/Dirty Red - I Pulled my gat.wav,.wav,1082202,/Users/camerondixon/Music/OrganizedLibrary/07 One Shots,One Shot
/Volumes/My Mac/Ableton/Sample Folders/Memphis Acapellas/Indo G - Chicken got me goin like pyscho.wav,.wav,613642,/Users/camerondixon/Music/OrganizedLibrary/07 One Shots,One Shot
/Volumes/My Mac/Ableton/Sample Folders/Memphis Acapellas/Dirty Red - Ratata lets u know that we aint playin.wav,.wav,598678,/Users/camerondixon/Music/OrganizedLibrary/07 One Shots,Hats/Shakers
/Volumes/My Mac/Ableton/Sample Folders/Memphis Acapellas/Dirty Red - ak47.wav,.wav,1085354,/Users/camerondixon/Music/OrganizedLibrary/07 One Shots,Kicks
/Volumes/My Mac/Ableton/Sample Folders/Memphis Acapellas/SUC - Drankin on the drank.wav,.wav,216438,/Users/camerondixon/Music/OrganizedLibrary/07 One Shots,One Shot
/Volumes/My Mac/Ableton/Sample Folders/Memphis Acapellas/DJ Zirk - Get High.wav,.wav,608130,/Users/camerondixon/Music/OrganizedLibrary/07 One Shots,One Shot
/Volumes/My Mac/Ableton/Sample Folders/Memphis Acapellas/Fat Pat - southside nigga.wav,.wav,1157802,/Users/camerondixon/Music/OrganizedLibrary/07 One Shots,One Shot
/Volumes/My Mac/Ableton/Sample Folders/Memphis Acapellas/Pimpsta sample.wav,.wav,1417678,/Users/camerondixon/Music/OrganizedLibrary/07 One Shots,One Shot
/Volumes/My Mac/Ableton/Sample Folders/Memphis Acapellas/Dj Paul - swishas full.wav,.wav,267930,/Users/camerondixon/Music/OrganizedLibrary/07 One Shots,One Shot
/Volumes/My Mac/Ableton/Sample Folders/Memphis Acapellas/Fat Pat - Flippin up the slab.wav,.wav,1143626,/Users/camerondixon/Music/OrganizedLibrary/07 One Shots,One Shot
/Volumes/My Mac/Ableton/Sample Folders/Memphis Acapellas/Silkk Tha Shocker - how im gonna die.wav,.wav,1131026,/Users/camerondixon/Music/OrganizedLibrary/07 One Shots,One Shot
/Volumes/My Mac/Ableton/Sample Folders/Memphis Acapellas/Dirty Red - leave em dead.wav,.wav,600254,/Users/camerondixon/Music/OrganizedLibrary/07 One Shots,One Shot
/Volumes/My Mac/Ableton/Sample Folders/Memphis Acapellas/DJ Sound - we could gank.wav,.wav,157922,/Users/camerondixon/Music/OrganizedLibrary/07 One Shots,One Shot
/Volumes/My Mac/Ableton/Sample Folders/Memphis Acapellas/Fat Pat - stoppin tryin count the spokes.wav,.wav,953842,/Users/camerondixon/Music/OrganizedLibrary/07 One Shots,One Shot
/Volumes/My Mac/Ableton/Sample Folders/Memphis Acapellas/SUC - On my wrist.wav,.wav,1322390,/Users/camerondixon/Music/OrganizedLibrary/07 One Shots,One Shot
/Volumes/My Mac/Ableton/Sample Folders/Memphis Acapellas/DJ Screw - off that mtuhafuckin drank.wav,.wav,615882,/Users/camerondixon/Music/OrganizedLibrary/07 One Shots,Hats/Shakers
/Volumes/My Mac/Ableton/Sample Folders/Memphis Acapellas/Gangsta Blac - cheifin hay.wav,.wav,1389330,/Users/camerondixon/Music/OrganizedLibrary/07 One Shots,One Shot
/Volumes/My Mac/Ableton/Sample Folders/Memphis Acapellas/DJ Eerie E - playin Petty freaks.wav,.wav,653014,/Users/camerondixon/Music/OrganizedLibrary/07 One Shots,One Shot
/Volumes/My Mac/Ableton/Sample Folders/Memphis Acapellas/DJ Big Mac - Pistol Packin murdera mane.wav,.wav,2422530,/Users/camerondixon/Music/OrganizedLibrary/07 One Shots,One Shot
/Volumes/My Mac/Ableton/Sample Folders/Memphis Acapellas/DJ Fela - play ya roll.wav,.wav,247818,/Users/camerondixon/Music/OrganizedLibrary/07 One Shots,One Shot
/Volumes/My Mac/Ableton/Sample Folders/Memphis Acapellas/Pimp C - Smokin weed since a kid.wav,.wav,1187730,/Users/camerondixon/Music/OrganizedLibrary/07 One Shots,One Shot
/Volumes/My Mac/Ableton/Sample Folders/Memphis Acapellas/Evil Pimp - High as birds.wav,.wav,1411378,/Users/camerondixon/Music/OrganizedLibrary/07 One Shots,One Shot
/Volumes/My Mac/Ableton/Sample Folders/Memphis Acapellas/Slikk tha shocker - goin out wit a bang.wav,.wav,607342,/Users/camerondixon/Music/OrganizedLibrary/07 One Shots,One Shot
/Volumes/My Mac/Ableton/Sample Folders/Memphis Acapellas/SUC - 9 IN The bourbon.wav,.wav,1324754,/Users/camerondixon/Music/OrganizedLibrary/07 One Shots,One Shot
/Volumes/My Mac/Ableton/Sample Folders/Memphis Acapellas/Lil Keke - comin down blowin tree.wav,.wav,553126,/Users/camerondixon/Music/OrganizedLibrary/07 One Shots,One Shot
/Volumes/My Mac/Ableton/Sample Folders/Memphis Acapellas/DJ Sound - too straight a nigga.wav,.wav,629390,/Users/camerondixon/Music/OrganizedLibrary/07 One Shots,One Shot
/Volumes/My Mac/Ableton/Sample Folders/Memphis Acapellas/DJ Flex - smoke that dope.wav,.wav,277378,/Users/camerondixon/Music/OrganizedLibrary/07 One Shots,Hats/Shakers
/Volumes/My Mac/Ableton/Sample Folders/Memphis Acapellas/DJ Flex - get high.wav,.wav,279122,/Users/camerondixon/Music/OrganizedLibrary/07 One Shots,One Shot
/Volumes/My Mac/Ableton/Sample Folders/Memphis Acapellas/DJ Screw - got them threes in my closet.wav,.wav,620122,/Users/camerondixon/Music/OrganizedLibrary/07 One Shots,One Shot
/Volumes/My Mac/Ableton/Sample Folders/Memphis Acapellas/DJ Sound - run like a trick bitch.wav,.wav,1238370,/Users/camerondixon/Music/OrganizedLibrary/07 One Shots,One Shot
/Volumes/My Mac/Ableton/Sample Folders/Memphis Acapellas/Kingpin Skinny Pimp - So High So High.wav,.wav,1400354,/Users/camerondixon/Music/OrganizedLibrary/07 One Shots,One Shot
/Volumes/My Mac/Ableton/Sample Folders/Memphis Acapellas/Southpark Scratchin.wav,.wav,1316214,/Users/camerondixon/Music/OrganizedLibrary/07 One Shots,One Shot
/Volumes/My Mac/Ableton/Sample Folders/Memphis Acapellas/DJ Sound - boom pop motherfucker drop.wav,.wav,328382,/Users/camerondixon/Music/OrganizedLibrary/04 FX,FX
/Volumes/My Mac/Ableton/Sample Folders/Memphis Acapellas/Dirty Red - strapped like jap.wav,.wav,602614,/Users/camerondixon/Music/OrganizedLibrary/07 One Shots,One Shot
/Volumes/My Mac/Ableton/Sample Folders/Memphis Acapellas/DJ Zirk - sellin dat dope.wav,.wav,137990,/Users/camerondixon/Music/OrganizedLibrary/07 One Shots,One Shot
/Volumes/My Mac/Ableton/Sample Folders/Memphis Acapellas/Lady B - narcs kick da shit in twice.wav,.wav,590438,/Users/camerondixon/Music/OrganizedLibrary/01 Drums/Kicks,Kicks
/Volumes/My Mac/Ableton/Sample Folders/Memphis Acapellas/Fat Pat - hittin em to the left.wav,.wav,1167254,/Users/camerondixon/Music/OrganizedLibrary/04 FX,FX
/Volumes/My Mac/Ableton/Sample Folders/Memphis Acapellas/DJ Squeeky - clientele and im high as hell.wav,.wav,565846,/Users/camerondixon/Music/OrganizedLibrary/07 One Shots,One Shot
/Volumes/My Mac/Ableton/Sample Folders/Memphis Acapellas/Criminal Mane - Bitches Blowin.wav,.wav,679318,/Users/camerondixon/Music/OrganizedLibrary/01 Drums/Percussion/Misc Perc,Percussion/Rimshots
/Volumes/My Mac/Ableton/Sample Folders/Memphis Acapellas/SUC - Come Down the slab.wav,.wav,549066,/Users/camerondixon/Music/OrganizedLibrary/07 One Shots,One Shot
/Volumes/My Mac/Ableton/Sample Folders/Memphis Acapellas/Fat Pat - Imma G.wav,.wav,1171190,/Users/camerondixon/Music/OrganizedLibrary/07 One Shots,One Shot
/Volumes/My Mac/Ableton/Sample Folders/Memphis Acapellas/2 Nes - Skulls crack.wav,.wav,607342,/Users/camerondixon/Music/OrganizedLibrary/07 One Shots,One Shot
/Volumes/My Mac/Ableton/Sample Folders/Memphis Acapellas/DJ Screw - Lay Low.wav,.wav,662466,/Users/camerondixon/Music/OrganizedLibrary/07 One Shots,One Shot
/Volumes/My Mac/Ableton/Sample Folders/Memphis Acapellas/DJ Sound - boom boom boom dead mfr.wav,.wav,475950,/Users/camerondixon/Music/OrganizedLibrary/04 FX,FX
/Volumes/My Mac/Ableton/Sample Folders/Memphis Acapellas/capa.wav,.wav,21305458,/Users/camerondixon/Music/OrganizedLibrary/07 One Shots,One Shot
/Volumes/My Mac/Ableton/Sample Folders/Memphis Acapellas/Fat Pat - damn fool.wav,.wav,1167254,/Users/camerondixon/Music/OrganizedLibrary/07 One Shots,One Shot
/Volumes/My Mac/Ableton/Sample Folders/Memphis Acapellas/Fat Pat - Dig A Bigger dish.wav,.wav,1126302,/Users/camerondixon/Music/OrganizedLibrary/07 One Shots,One Shot
/Volumes/My Mac/Ableton/Sample Folders/Memphis Acapellas/SUC - Hataz dont wanna see me make it.wav,.wav,1169614,/Users/camerondixon/Music/OrganizedLibrary/07 One Shots,One Shot
/Volumes/My Mac/Ableton/Sample Folders/Memphis Acapellas/Too Short - Bictches hoes and all that shit.wav,.wav,619942,/Users/camerondixon/Music/OrganizedLibrary/04 FX,Hats/Shakers
/Volumes/My Mac/Ableton/Sample Folders/Memphis Acapellas/DJ Sound - take a niggas shit and run away.wav,.wav,549730,/Users/camerondixon/Music/OrganizedLibrary/04 FX,FX
/Volumes/My Mac/Ableton/Sample Folders/Memphis Acapellas/Lick and Stick tha Paper.wav,.wav,607342,/Users/camerondixon/Music/OrganizedLibrary/07 One Shots,Hats/Shakers
/Volumes/My Mac/Ableton/Sample Folders/Memphis Acapellas/SUC - Already had that fuckin grill.wav,.wav,1097954,/Users/camerondixon/Music/OrganizedLibrary/07 One Shots,Hats/Shakers
/Volumes/My Mac/Ableton/Sample Folders/Memphis Acapellas/Indo G - Bud to the flame.wav,.wav,612066,/Users/camerondixon/Music/OrganizedLibrary/07 One Shots,One Shot
/Volumes/My Mac/Ableton/Sample Folders/Memphis Acapellas/Fat Pat - tryin take my fuckin lac.wav,.wav,1167254,/Users/camerondixon/Music/OrganizedLibrary/07 One Shots,One Shot
/Volumes/My Mac/Ableton/Sample Folders/Memphis Acapellas/SUC - Hang a man.wav,.wav,1167254,/Users/camerondixon/Music/OrganizedLibrary/07 One Shots,One Shot
/Volumes/My Mac/Ableton/Sample Folders/Memphis Acapellas/Fat Pat - Atlanta.wav,.wav,1172766,/Users/camerondixon/Music/OrganizedLibrary/07 One Shots,One Shot
/Volumes/My Mac/Ableton/Sample Folders/Memphis Acapellas/DJ Squeeky Lay it down chant.wav,.wav,144290,/Users/camerondixon/Music/OrganizedLibrary/07 One Shots,One Shot
/Volumes/My Mac/Ableton/Sample Folders/Memphis Acapellas/DJ Sound - cuz im bout my business.wav,.wav,236790,/Users/camerondixon/Music/OrganizedLibrary/07 One Shots,One Shot
/Volumes/My Mac/Ableton/Sample Folders/Memphis Acapellas/Hard D - Paranoid fulla dat dope.wav,.wav,654046,/Users/camerondixon/Music/OrganizedLibrary/07 One Shots,One Shot
/Volumes/My Mac/Ableton/Sample Folders/Memphis Acapellas/SUC - Wide Shiftin.wav,.wav,1315302,/Users/camerondixon/Music/OrganizedLibrary/07 One Shots,One Shot
/Volumes/My Mac/Ableton/Sample Folders/Memphis Acapellas/DJ Sound - mane i saw dat shit.wav,.wav,581958,/Users/camerondixon/Music/OrganizedLibrary/04 FX,FX
/Volumes/My Mac/Ableton/Sample Folders/Memphis Acapellas/Lil E - Ridin in the chevy.wav,.wav,532770,/Users/camerondixon/Music/OrganizedLibrary/07 One Shots,One Shot
/Volumes/My Mac/Ableton/Sample Folders/Memphis Acapellas/2 Nes - anotha victim.wav,.wav,2880854,/Users/camerondixon/Music/OrganizedLibrary/07 One Shots,One Shot
/Volumes/My Mac/Ableton/Sample Folders/Memphis Acapellas/DJ Sound - Brake Yo Self.wav,.wav,561522,/Users/camerondixon/Music/OrganizedLibrary/07 One Shots,One Shot
/Volumes/My Mac/Ableton/Sample Folders/Memphis Acapellas/Dirty Red - fucked up on dem drizzugs.wav,.wav,247454,/Users/camerondixon/Music/OrganizedLibrary/07 One Shots,Snares
/Volumes/My Mac/Ableton/Sample Folders/Memphis Acapellas/Fat Pat - knock em off ya game talking.wav,.wav,7011230,/Users/camerondixon/Music/OrganizedLibrary/05 Vocals/Vocal One Shots,Vocal
/Volumes/My Mac/Ableton/Sample Folders/Memphis Acapellas/DJ Fela - We dont needs no fuckin moeee.wav,.wav,421490,/Users/camerondixon/Music/OrganizedLibrary/07 One Shots,Snares
/Volumes/My Mac/Ableton/Sample Folders/Memphis Acapellas/Dirty Red - breakin bustas off.wav,.wav,543554,/Users/camerondixon/Music/OrganizedLibrary/06 Loops & Grooves/Breakbeats/Unsorted BPM,Breakbeat Loop
/Volumes/My Mac/Ableton/Sample Folders/Memphis Acapellas/Fat Pat - Fuc uncle sam.wav,.wav,1170402,/Users/camerondixon/Music/OrganizedLibrary/07 One Shots,One Shot
/Volumes/My Mac/Ableton/Sample Folders/Memphis Acapellas/DJ Sound - but i need some cheese.wav,.wav,643022,/Users/camerondixon/Music/OrganizedLibrary/07 One Shots,One Shot
/Volumes/My Mac/Ableton/Sample Folders/Memphis Acapellas/2 Nes - Takin and breakin.wav,.wav,529378,/Users/camerondixon/Music/OrganizedLibrary/06 Loops & Grooves/Breakbeats/Unsorted BPM,Breakbeat Loop
/Volumes/My Mac/Ableton/Sample Folders/Memphis Acapellas/SUC - Fulla of da kilo.wav,.wav,549854,/Users/camerondixon/Music/OrganizedLibrary/07 One Shots,One Shot
/Volumes/My Mac/Ableton/Sample Folders/Memphis Acapellas/DJ Sound - ridin hoopty thing.wav,.wav,629390,/Users/camerondixon/Music/OrganizedLibrary/07 One Shots,One Shot
/Volumes/My Mac/Ableton/Sample Folders/Memphis Acapellas/Fat Pat - Ridin thru the fukin sky.wav,.wav,1167254,/Users/camerondixon/Music/OrganizedLibrary/07 One Shots,One Shot
/Volumes/My Mac/Ableton/Sample Folders/Memphis Acapellas/Mc Twist - This Is The House.wav,.wav,483702,/Users/camerondixon/Music/OrganizedLibrary/07 One Shots,One Shot
/Volumes/My Mac/Ableton/Sample Folders/Memphis Acapellas/SUC - Nba Jams.wav,.wav,1125514,/Users/camerondixon/Music/OrganizedLibrary/07 One Shots,One Shot
/Volumes/My Mac/Ableton/Sample Folders/Memphis Acapellas/Dirty Red - 5 0 leavin you dead on arrival.wav,.wav,600254,/Users/camerondixon/Music/OrganizedLibrary/07 One Shots,One Shot
/Volumes/My Mac/Ableton/Sample Folders/Memphis Acapellas/SUC - You dont see what i see.wav,.wav,1128666,/Users/camerondixon/Music/OrganizedLibrary/07 One Shots,Hats/Shakers
/Volumes/My Mac/Ableton/Sample Folders/Memphis Acapellas/Dirty Red - livin like an assassin.wav,.wav,1097166,/Users/camerondixon/Music/OrganizedLibrary/07 One Shots,One Shot
/Volumes/My Mac/Ableton/Sample Folders/Memphis Acapellas/DJ Sound - if you steppin wrong.wav,.wav,742246,/Users/camerondixon/Music/OrganizedLibrary/07 One Shots,One Shot
/Volumes/My Mac/Ableton/Sample Folders/Memphis Acapellas/Fat Pat - holdin on my gat.wav,.wav,565770,/Users/camerondixon/Music/OrganizedLibrary/07 One Shots,One Shot
/Volumes/My Mac/Ableton/Sample Folders/Memphis Acapellas/DJ Sound - Beat em down.wav,.wav,617578,/Users/camerondixon/Music/OrganizedLibrary/07 One Shots,One Shot
/Volumes/My Mac/Ableton/Sample Folders/Memphis Acapellas/SUC - When i come thru.wav,.wav,290222,/Users/camerondixon/Music/OrganizedLibrary/07 One Shots,One Shot
/Volumes/My Mac/Ableton/Sample Folders/Memphis Acapellas/DJ Fela - smokin on sum indo.wav,.wav,585290,/Users/camerondixon/Music/OrganizedLibrary/07 One Shots,One Shot
/Volumes/My Mac/Ableton/Sample Folders/Memphis Acapellas/DJ Big Mac - one to tha eight.wav,.wav,628602,/Users/camerondixon/Music/OrganizedLibrary/07 One Shots,One Shot
/Volumes/My Mac/Ableton/Sample Folders/Memphis Acapellas/DJ Squeeky get buck.wav,.wav,486854,/Users/camerondixon/Music/OrganizedLibrary/07 One Shots,One Shot
/Volumes/My Mac/Ableton/Sample Folders/Memphis Acapellas/DJ Livewire - pimp shit.wav,.wav,570086,/Users/camerondixon/Music/OrganizedLibrary/04 FX,FX
/Volumes/My Mac/Ableton/Sample Folders/Memphis Acapellas/Fat Pat - watch me bend a corna.wav,.wav,575630,/Users/camerondixon/Music/OrganizedLibrary/07 One Shots,One Shot
/Volumes/My Mac/Ableton/Sample Folders/Memphis Acapellas/Gangsta Boo - gin N TANQUERY.wav,.wav,1473286,/Users/camerondixon/Music/OrganizedLibrary/07 One Shots,One Shot
/Volumes/My Mac/Ableton/Sample Folders/Memphis Acapellas/Indo G - If I die befo i wake smoke a blunt.wav,.wav,1047554,/Users/camerondixon/Music/OrganizedLibrary/07 One Shots,One Shot
/Volumes/My Mac/Ableton/Sample Folders/Memphis Acapellas/DJ Livewire - pro pimpin.wav,.wav,566694,/Users/camerondixon/Music/OrganizedLibrary/07 One Shots,One Shot
/Volumes/My Mac/Ableton/Sample Folders/Memphis Acapellas/DJ Screw - lookin foe sum yellas.wav,.wav,620970,/Users/camerondixon/Music/OrganizedLibrary/07 One Shots,One Shot
/Volumes/My Mac/Ableton/Sample Folders/Memphis Acapellas/Lord Infamous - toe up fukin wit da liqour and dat bud.wav,.wav,550642,/Users/camerondixon/Music/OrganizedLibrary/07 One Shots,One Shot
/Volumes/My Mac/Ableton/Sample Folders/Memphis Acapellas/2 Nes - stealin shit.wav,.wav,135626,/Users/camerondixon/Music/OrganizedLibrary/04 FX,FX
/Volumes/My Mac/Ableton/Sample Folders/Memphis Acapellas/Dirty Red - shoot them thangs.wav,.wav,600254,/Users/camerondixon/Music/OrganizedLibrary/07 One Shots,Kicks
/Volumes/My Mac/Ableton/Sample Folders/Memphis Acapellas/DJ Livewire - pockets gettin low.wav,.wav,574266,/Users/camerondixon/Music/OrganizedLibrary/07 One Shots,One Shot
/Volumes/My Mac/Ableton/Sample Folders/Memphis Acapellas/Slim Thug - finger flippin.wav,.wav,593206,/Users/camerondixon/Music/OrganizedLibrary/07 One Shots,One Shot
/Volumes/My Mac/Ableton/Sample Folders/Memphis Acapellas/DJ Livewire - slay a bitch.wav,.wav,566390,/Users/camerondixon/Music/OrganizedLibrary/07 One Shots,One Shot
/Volumes/My Mac/Ableton/Sample Folders/Memphis Acapellas/DJ Jimi - sucka nigga dick.wav,.wav,224070,/Users/camerondixon/Music/OrganizedLibrary/07 One Shots,One Shot
/Volumes/My Mac/Ableton/Sample Folders/Memphis Acapellas/DJ Screw - Kick in my doe.wav,.wav,662466,/Users/camerondixon/Music/OrganizedLibrary/01 Drums/Kicks,Kicks
/Volumes/My Mac/Ableton/Sample Folders/Memphis Acapellas/Bustas cant see me screw loop.wav,.wav,1158242,/Users/camerondixon/Music/OrganizedLibrary/06 Loops & Grooves/All Styles/Unsorted BPM,Loop
/Volumes/My Mac/Ableton/Sample Folders/Memphis Acapellas/DJ Fela - pimpin my game.wav,.wav,250602,/Users/camerondixon/Music/OrganizedLibrary/07 One Shots,One Shot
/Volumes/My Mac/Ableton/Sample Folders/Memphis Acapellas/DJ Fela - drunk as shit.wav,.wav,106870,/Users/camerondixon/Music/OrganizedLibrary/04 FX,FX
/Volumes/My Mac/Ableton/Sample Folders/Memphis Acapellas/DJ Paul - Once Again.wav,.wav,154530,/Users/camerondixon/Music/OrganizedLibrary/07 One Shots,One Shot
/Volumes/My Mac/Ableton/Sample Folders/Memphis Acapellas/SUC - Soufside.wav,.wav,146282,/Users/camerondixon/Music/OrganizedLibrary/07 One Shots,Snares
/Volumes/My Mac/Ableton/Sample Folders/Memphis Acapellas/DJ Big Mac - Down for my crown g.wav,.wav,530166,/Users/camerondixon/Music/OrganizedLibrary/07 One Shots,Snares
/Volumes/My Mac/Ableton/Sample Folders/Memphis Acapellas/SUC - Still sippin drank.wav,.wav,1095590,/Users/camerondixon/Music/OrganizedLibrary/07 One Shots,One Shot
/Volumes/My Mac/Ableton/Sample Folders/Memphis Acapellas/SUC - Ready to spray a jacka.wav,.wav,1161742,/Users/camerondixon/Music/OrganizedLibrary/07 One Shots,One Shot
/Volumes/My Mac/Ableton/Sample Folders/Memphis Acapellas/SUC - Imma straight wreck.wav,.wav,291918,/Users/camerondixon/Music/OrganizedLibrary/07 One Shots,One Shot
/Volumes/My Mac/Ableton/Sample Folders/Memphis Acapellas/Lil Troy - smokin big killa.wav,.wav,459834,/Users/camerondixon/Music/OrganizedLibrary/07 One Shots,One Shot
/Volumes/My Mac/Ableton/Sample Folders/Memphis Acapellas/SUC - Norf to da souf.wav,.wav,735462,/Users/camerondixon/Music/OrganizedLibrary/07 One Shots,One Shot
/Volumes/My Mac/Ableton/Sample Folders/Memphis Acapellas/DJ Livewire - project junt.wav,.wav,142654,/Users/camerondixon/Music/OrganizedLibrary/07 One Shots,Snares
/Volumes/My Mac/Ableton/Sample Folders/Memphis Acapellas/DJ Livewire - drop to yo knees.wav,.wav,573478,/Users/camerondixon/Music/OrganizedLibrary/07 One Shots,One Shot
/Volumes/My Mac/Ableton/Sample Folders/Memphis Acapellas/Fat Pat - imm shootin i take ya life.wav,.wav,1167254,/Users/camerondixon/Music/OrganizedLibrary/07 One Shots,One Shot
/Volumes/My Mac/Ableton/Sample Folders/Memphis Acapellas/DJ Zirk - smokin swisha sweets.wav,.wav,634538,/Users/camerondixon/Music/OrganizedLibrary/07 One Shots,One Shot
/Volumes/My Mac/Ableton/Sample Folders/Memphis Acapellas/Fat Pat - Black on Black crime.wav,.wav,1160166,/Users/camerondixon/Music/OrganizedLibrary/01 Drums/Percussion/Misc Perc,Percussion/Rimshots
/Volumes/My Mac/Ableton/Sample Folders/Memphis Acapellas/SUC - Hoes cant fade me.wav,.wav,583654,/Users/camerondixon/Music/OrganizedLibrary/07 One Shots,One Shot
/Volumes/My Mac/Ableton/Sample Folders/Memphis Acapellas/Dirty Red - dont fw a ghetto souljah.wav,.wav,226978,/Users/camerondixon/Music/OrganizedLibrary/07 One Shots,Snares
/Volumes/My Mac/Ableton/Sample Folders/Memphis Acapellas/Evil Pimp - Blaze da blunt cheif da junt.wav,.wav,709714,/Users/camerondixon/Music/OrganizedLibrary/07 One Shots,One Shot
/Volumes/My Mac/Ableton/Sample Folders/Memphis Acapellas/DJ Livewire - bitch slayer.wav,.wav,567966,/Users/camerondixon/Music/OrganizedLibrary/07 One Shots,One Shot
/Volumes/My Mac/Ableton/Sample Folders/Memphis Acapellas/SUC - Pistol Grip Glock.wav,.wav,1189302,/Users/camerondixon/Music/OrganizedLibrary/07 One Shots,One Shot
/Volumes/My Mac/Ableton/Sample Folders/Memphis Acapellas/Immortal Lowlife - deez hataz in my face.wav,.wav,1161742,/Users/camerondixon/Music/OrganizedLibrary/07 One Shots,One Shot
/Volumes/My Mac/Ableton/Sample Folders/Memphis Acapellas/2 Nes - Glock Sound.wav,.wav,183666,/Users/camerondixon/Music/OrganizedLibrary/07 One Shots,Snares
/Volumes/My Mac/Ableton/Sample Folders/Memphis Acapellas/SUC - Still got my riches.wav,.wav,735462,/Users/camerondixon/Music/OrganizedLibrary/07 One Shots,One Shot
/Volumes/My Mac/Ableton/Sample Folders/Memphis Acapellas/DJ Fela - smoke up anotha blunt.wav,.wav,282758,/Users/camerondixon/Music/OrganizedLibrary/07 One Shots,Snares
/Volumes/My Mac/Ableton/Sample Folders/Memphis Acapellas/DJ Sound - shit to the doe.wav,.wav,703414,/Users/camerondixon/Music/OrganizedLibrary/04 FX,FX
/Volumes/My Mac/Ableton/Sample Folders/Memphis Acapellas/DJ Flex - kickin back at the hotel.wav,.wav,298642,/Users/camerondixon/Music/OrganizedLibrary/07 One Shots,One Shot
/Volumes/My Mac/Ableton/Sample Folders/Memphis Acapellas/4 Deep sample.wav,.wav,2313066,/Users/camerondixon/Music/OrganizedLibrary/07 One Shots,Kicks
/Volumes/My Mac/Ableton/Sample Folders/Memphis Acapellas/Criminal Mane - Pimpin just too thick.wav,.wav,327746,/Users/camerondixon/Music/OrganizedLibrary/01 Drums/Percussion/Misc Perc,Percussion/Rimshots
/Volumes/My Mac/Ableton/Sample Folders/Memphis Acapellas/DJ Livewire - Bitch gimmie da chewin.wav,.wav,547782,/Users/camerondixon/Music/OrganizedLibrary/07 One Shots,One Shot
/Volumes/My Mac/Ableton/Sample Folders/Memphis Acapellas/DJ Screw - hoes on my dick  now its time to clown.wav,.wav,618426,/Users/camerondixon/Music/OrganizedLibrary/07 One Shots,One Shot
/Volumes/My Mac/Ableton/Sample Folders/Memphis Acapellas/Slikk tha shocker - paranoid.wav,.wav,281314,/Users/camerondixon/Music/OrganizedLibrary/07 One Shots,One Shot
/Volumes/My Mac/Ableton/Sample Folders/Memphis Acapellas/SUC - bitches you snitches.wav,.wav,580262,/Users/camerondixon/Music/OrganizedLibrary/07 One Shots,One Shot
/Volumes/My Mac/Ableton/Sample Folders/Memphis Acapellas/DJ Screw - Its gon be a trauma.wav,.wav,1320026,/Users/camerondixon/Music/OrganizedLibrary/07 One Shots,One Shot
/Volumes/My Mac/Ableton/Sample Folders/Memphis Acapellas/Skitzo - break dat bitch.wav,.wav,259690,/Users/camerondixon/Music/OrganizedLibrary/06 Loops & Grooves/Breakbeats/Unsorted BPM,Breakbeat Loop
/Volumes/My Mac/Ableton/Sample Folders/Memphis Acapellas/Dirty Red - money or murder.wav,.wav,1079842,/Users/camerondixon/Music/OrganizedLibrary/07 One Shots,One Shot
/Volumes/My Mac/Ableton/Sample Folders/Memphis Acapellas/Lil Blunt - sumthin from da bluntsa.wav,.wav,440390,/Users/camerondixon/Music/OrganizedLibrary/07 One Shots,One Shot
/Volumes/My Mac/Ableton/Sample Folders/Memphis Acapellas/Fat Pat - in that motherfuckin ride.wav,.wav,288798,/Users/camerondixon/Music/OrganizedLibrary/07 One Shots,Hats/Shakers
/Volumes/My Mac/Ableton/Sample Folders/Memphis Acapellas/SUC - Left One time.wav,.wav,1097954,/Users/camerondixon/Music/OrganizedLibrary/07 One Shots,One Shot
/Volumes/My Mac/Ableton/Sample Folders/Memphis Acapellas/DJ Sound - drop it off.wav,.wav,330930,/Users/camerondixon/Music/OrganizedLibrary/07 One Shots,One Shot
/Volumes/My Mac/Ableton/Sample Folders/Memphis Acapellas/2 Nes - constantly bussin my glock.wav,.wav,727042,/Users/camerondixon/Music/OrganizedLibrary/07 One Shots,One Shot
/Volumes/My Mac/Ableton/Sample Folders/Memphis Acapellas/DJ Livewire - neva try to play me.wav,.wav,562454,/Users/camerondixon/Music/OrganizedLibrary/07 One Shots,One Shot
/Volumes/My Mac/Ableton/Sample Folders/Memphis Acapellas/Fat Pat - muthafuckin blunt.wav,.wav,1179166,/Users/camerondixon/Music/OrganizedLibrary/07 One Shots,One Shot
/Volumes/My Mac/Ableton/Sample Folders/Memphis Acapellas/DJ Big Mac - at yo dome.wav,.wav,596314,/Users/camerondixon/Music/OrganizedLibrary/07 One Shots,Snares
/Volumes/My Mac/Ableton/Sample Folders/Memphis Acapellas/Dirty Red - back on the scene fresh and mean.wav,.wav,599466,/Users/camerondixon/Music/OrganizedLibrary/07 One Shots,Kicks
/Volumes/My Mac/Ableton/Sample Folders/Memphis Acapellas/Lil Blunt - high den a mufucka.wav,.wav,616790,/Users/camerondixon/Music/OrganizedLibrary/07 One Shots,One Shot
/Volumes/My Mac/Ableton/Sample Folders/Memphis Acapellas/Fat Pat Skit.wav,.wav,7292426,/Users/camerondixon/Music/OrganizedLibrary/07 One Shots,One Shot
/Volumes/My Mac/Ableton/Sample Folders/Memphis Acapellas/Dirty Red - putcho ass in the past.wav,.wav,513626,/Users/camerondixon/Music/OrganizedLibrary/07 One Shots,One Shot
/Volumes/My Mac/Ableton/Sample Folders/Memphis Acapellas/Dirty red - Cuz im killa.wav,.wav,510478,/Users/camerondixon/Music/OrganizedLibrary/07 One Shots,One Shot
/Volumes/My Mac/Ableton/Sample Folders/Memphis Acapellas/DJ Sound - hopin that i get a grab.wav,.wav,596378,/Users/camerondixon/Music/OrganizedLibrary/07 One Shots,Hats/Shakers
/Volumes/My Mac/Ableton/Sample Folders/Memphis Acapellas/DJ Sound - hoes aint just hoes.wav,.wav,535314,/Users/camerondixon/Music/OrganizedLibrary/07 One Shots,One Shot
/Volumes/My Mac/Ableton/Sample Folders/Memphis Acapellas/SUC - Pop up the top.wav,.wav,544342,/Users/camerondixon/Music/OrganizedLibrary/07 One Shots,One Shot
/Volumes/My Mac/Ableton/Sample Folders/Memphis Acapellas/Fat Pat - Pimps all da hoes.wav,.wav,575630,/Users/camerondixon/Music/OrganizedLibrary/07 One Shots,One Shot
/Volumes/My Mac/Ableton/Sample Folders/Memphis Acapellas/Master P - Deep up in tha game.wav,.wav,567966,/Users/camerondixon/Music/OrganizedLibrary/07 One Shots,One Shot
/Volumes/My Mac/Ableton/Sample Folders/Memphis Acapellas/Mike Jones - first i lean wit it.wav,.wav,989644,/Users/camerondixon/Music/OrganizedLibrary/07 One Shots,Snares
/Volumes/My Mac/Ableton/Sample Folders/Memphis Acapellas/Lord Infamous - starrin at some shit.wav,.wav,604190,/Users/camerondixon/Music/OrganizedLibrary/04 FX,FX
/Volumes/My Mac/Ableton/Sample Folders/Memphis Acapellas/Bun B - Drop it on the one.wav,.wav,1175130,/Users/camerondixon/Music/OrganizedLibrary/07 One Shots,One Shot
/Volumes/My Mac/Ableton/Sample Folders/Memphis Acapellas/DJ Sound - all about beatin a nigga down.wav,.wav,630178,/Users/camerondixon/Music/OrganizedLibrary/07 One Shots,One Shot
/Volumes/My Mac/Ableton/Sample Folders/Memphis Acapellas/DJ Big Mac - drop it off.wav,.wav,1134282,/Users/camerondixon/Music/OrganizedLibrary/07 One Shots,One Shot
/Volumes/My Mac/Ableton/Sample Folders/Memphis Acapellas/Dirty Red - hit yo knees.wav,.wav,438814,/Users/camerondixon/Music/OrganizedLibrary/04 FX,FX
/Volumes/My Mac/Ableton/Sample Folders/Memphis Acapellas/Fat Pat - Static automatic when i bust em.wav,.wav,1176028,/Users/camerondixon/Music/OrganizedLibrary/01 Drums/Percussion/Misc Perc,Percussion/Toms
/Volumes/My Mac/Ableton/Sample Folders/Memphis Acapellas/Fat Pat - throwed in the game.wav,.wav,1276714,/Users/camerondixon/Music/OrganizedLibrary/07 One Shots,One Shot
/Volumes/My Mac/Ableton/Sample Folders/Memphis Acapellas/Silkk Tha Shocker - suckas jealous.wav,.wav,567178,/Users/camerondixon/Music/OrganizedLibrary/07 One Shots,One Shot
/Volumes/My Mac/Ableton/Sample Folders/Memphis Acapellas/DJ Squeeky - make you bitches lay it down.wav,.wav,573478,/Users/camerondixon/Music/OrganizedLibrary/07 One Shots,One Shot
/Volumes/My Mac/Ableton/Sample Folders/Memphis Acapellas/Bun B - Fuk for sum fun.wav,.wav,1175130,/Users/camerondixon/Music/OrganizedLibrary/10 Meme & Fun Sounds,Meme
/Volumes/My Mac/Ableton/Sample Folders/Memphis Acapellas/Skitzo - fuc dem cops.wav,.wav,148590,/Users/camerondixon/Music/OrganizedLibrary/07 One Shots,One Shot
/Volumes/My Mac/Ableton/Sample Folders/Memphis Acapellas/Gimisum - smoking pound after poud.wav,.wav,830990,/Users/camerondixon/Music/OrganizedLibrary/07 One Shots,One Shot
/Volumes/My Mac/Ableton/Sample Folders/Memphis Acapellas/2 Nes - DDT.wav,.wav,525442,/Users/camerondixon/Music/OrganizedLibrary/07 One Shots,Snares
/Volumes/My Mac/Ableton/Sample Folders/Memphis Acapellas/King Tee - Yea.wav,.wav,140418,/Users/camerondixon/Music/OrganizedLibrary/07 One Shots,One Shot
/Volumes/My Mac/Ableton/Sample Folders/Memphis Acapellas/DJ Screw - syrup in my cup.wav,.wav,622342,/Users/camerondixon/Music/OrganizedLibrary/07 One Shots,One Shot
/Volumes/My Mac/Ableton/Sample Folders/Memphis Acapellas/scarface movie sample dont fuk wit me.wav,.wav,352190,/Users/camerondixon/Music/OrganizedLibrary/07 One Shots,One Shot
/Volumes/My Mac/Ableton/Sample Folders/Memphis Acapellas/Hard D - High off in da clouds.wav,.wav,656590,/Users/camerondixon/Music/OrganizedLibrary/07 One Shots,One Shot
/Volumes/My Mac/Ableton/Sample Folders/Memphis Acapellas/DJ Livewire - fat joint.wav,.wav,569542,/Users/camerondixon/Music/OrganizedLibrary/07 One Shots,One Shot
/Volumes/My Mac/Ableton/Sample Folders/Memphis Acapellas/Dirty Red - Blood Spill on the fr gangsta shit.wav,.wav,597890,/Users/camerondixon/Music/OrganizedLibrary/04 FX,FX
/Volumes/My Mac/Ableton/Sample Folders/Memphis Acapellas/Master P - When i die.wav,.wav,1131026,/Users/camerondixon/Music/OrganizedLibrary/07 One Shots,One Shot
/Volumes/My Mac/Ableton/Sample Folders/Memphis Acapellas/DJ Fela - play ya roll to break em foo.wav,.wav,246970,/Users/camerondixon/Music/OrganizedLibrary/06 Loops & Grooves/Breakbeats/Unsorted BPM,Breakbeat Loop
/Volumes/My Mac/Ableton/Sample Folders/Memphis Acapellas/Dirty Red - another murder.wav,.wav,161614,/Users/camerondixon/Music/OrganizedLibrary/07 One Shots,Snares
/Volumes/My Mac/Ableton/Sample Folders/Memphis Acapellas/DJ Fela - stackin my mackin.wav,.wav,484430,/Users/camerondixon/Music/OrganizedLibrary/07 One Shots,One Shot
/Volumes/My Mac/Ableton/Sample Folders/Memphis Acapellas/Fat Pat - hoes on my dick.wav,.wav,1130242,/Users/camerondixon/Music/OrganizedLibrary/07 One Shots,One Shot
/Volumes/My Mac/Ableton/Sample Folders/Memphis Acapellas/DJ Fela - Pimp nigga cheese.wav,.wav,620730,/Users/camerondixon/Music/OrganizedLibrary/07 One Shots,Snares
/Volumes/My Mac/Ableton/Sample Folders/Memphis Acapellas/DJ Sound - beat em down strap em up.wav,.wav,630178,/Users/camerondixon/Music/OrganizedLibrary/07 One Shots,One Shot
